Source Image,Target Image,Results,Comments
10139379\1269844480-9635f0b06b14235cdab9e81c1d60-image.png,1269844480\9635f0b06b14235cdab9e81c1d60\image.png,Successfully,
10139379\1269846999-83adb3fc2fb025cd53b3df6f0417-image.png,1269846999\83adb3fc2fb025cd53b3df6f0417\image.png,Successfully,
10139379\1269848563-86c4db11a636ce652bf1696ff56c-image.png,1269848563\86c4db11a636ce652bf1696ff56c\image.png,Successfully,
10139379\1269853352-ef3d852f72d48f6f41fef723a31b-image.png,1269853352\ef3d852f72d48f6f41fef723a31b\image.png,Successfully,
10139379\1269859146-0cac36bf9aae389970e173feb55b-image.png,1269859146\0cac36bf9aae389970e173feb55b\image.png,Successfully,
10139379\1276905227-5b58430d8500424f7b2b3994390c-image.png,1276905227\5b58430d8500424f7b2b3994390c\image.png,Successfully,
10139379\1276976222-5002480d85aa1ea494985ce4de1d-image.png,1276976222\5002480d85aa1ea494985ce4de1d\image.png,Successfully,
10139379\1276982376-712e65622c7edd27b5c33f6cf66a-image.png,1276982376\712e65622c7edd27b5c33f6cf66a\image.png,Successfully,
10139379\1280504701-11087a187fbd9d0b707e71d74582-image.png,1280504701\11087a187fbd9d0b707e71d74582\image.png,Successfully,
10139379\1280519701-be5a7cac8dcf1884dc46781e4dfd-image.png,1280519701\be5a7cac8dcf1884dc46781e4dfd\image.png,Successfully,
10139379\1280524285-b1d10a53aba4acc91b255631d24a-image.png,1280524285\b1d10a53aba4acc91b255631d24a\image.png,Successfully,
10139379\1280528740-5b74c5c0cf299550262a16c1fd47-image.png,1280528740\5b74c5c0cf299550262a16c1fd47\image.png,Successfully,
2224656\1245136492-94531de2363b7103c4e61381905f-image.png,1245136492\94531de2363b7103c4e61381905f\image.png,Successfully,
2224656\1245140709-f627512e116da04741105027e14f-image.png,1245140709\f627512e116da04741105027e14f\image.png,Successfully,
2224656\1245313235-ead3158d0a9c7f3f2c29e4e5de12-Label+Generator+-+Tablet.gif,1245313235\ead3158d0a9c7f3f2c29e4e5de12\Label+Generator+-+Tablet.gif,Successfully,
2224656\1245314054-3e1590e3be6ec7dbc787e94cd56b-Label_Generator.gif,1245314054\3e1590e3be6ec7dbc787e94cd56b\Label_Generator.gif,Successfully,
2541558\1234488375-4d80244c555f7daef4eb45ed8c45-image.png,1234488375\4d80244c555f7daef4eb45ed8c45\image.png,Successfully,
2541558\1273178209-b2b030c50c712c40944c3157bb3a-Screenshot+2024-12-02+at+12_29_24.png,1273178209\b2b030c50c712c40944c3157bb3a\Screenshot+2024-12-02+at+12_29_24.png,Successfully,
3075030\1267889022-7a55f55e5823fdfee6c2bf20f48f-image.png,1267889022\7a55f55e5823fdfee6c2bf20f48f\image.png,Successfully,
3075030\1267890322-477431ef106b05bf453b5902f767-image.png,1267890322\477431ef106b05bf453b5902f767\image.png,Successfully,
3075030\1276169866-ede2e718cb25606a6ade50c37657-image.png,1276169866\ede2e718cb25606a6ade50c37657\image.png,Successfully,
3075197\1276148683-2dc3c2fe6467e911d788653f81e3-image.png,1276148683\2dc3c2fe6467e911d788653f81e3\image.png,Successfully,
3995169\1250386715-7b5856d27bd55f1a7ad97c17e927-image.png,1250386715\7b5856d27bd55f1a7ad97c17e927\image.png,Successfully,
422489\1250457487-1d5487e15f783f2c16d1f905496c-image.png,1250457487\1d5487e15f783f2c16d1f905496c\image.png,Successfully,
422489\1250459672-60dca9e3ba5d13eb31a655d4ed2a-image.png,1250459672\60dca9e3ba5d13eb31a655d4ed2a\image.png,Successfully,
422489\1250461869-c3dfddf5133b25e0a2710d18a27e-image.png,1250461869\c3dfddf5133b25e0a2710d18a27e\image.png,Successfully,
422489\1250469110-161bcceda3fdb2e6c325b75b20ab-image.png,1250469110\161bcceda3fdb2e6c325b75b20ab\image.png,Successfully,
422489\1250478380-be726924b78940c43d68aec020ab-image.png,1250478380\be726924b78940c43d68aec020ab\image.png,Successfully,
5857426\1243176392-b812c1224dbe0d172836d2a46200-image.png,1243176392\b812c1224dbe0d172836d2a46200\image.png,Successfully,
5857426\1243186941-f982709c4d6e6a2abe7975b130c2-image.png,1243186941\f982709c4d6e6a2abe7975b130c2\image.png,Successfully,
5857426\1243191425-a24357e8aa3e9689fddc535b8e0a-image.png,1243191425\a24357e8aa3e9689fddc535b8e0a\image.png,Successfully,
5857426\1243198102-476339547f52e0bc6603bf894f25-image.png,1243198102\476339547f52e0bc6603bf894f25\image.png,Successfully,
5857426\1243202302-bb61a1622fcf77f3e90183bf470c-image.png,1243202302\bb61a1622fcf77f3e90183bf470c\image.png,Successfully,
5857426\1243477195-6b2b20856a7af964285517489a13-image.png,1243477195\6b2b20856a7af964285517489a13\image.png,Successfully,
5857426\1245045595-acf6fa26e4ca67abae17a2b3c380-image.png,1245045595\acf6fa26e4ca67abae17a2b3c380\image.png,Successfully,
5866821\1228271401-aa19e90bf28e55cfa6f89e717e8d-image.png,1228271401\aa19e90bf28e55cfa6f89e717e8d\image.png,Successfully,
5866821\1228274497-34d8752454ace519b55b09332cb3-image.png,1228274497\34d8752454ace519b55b09332cb3\image.png,Successfully,
5866821\1229268753-e470fa093a2ccd50f390c42149b2-image.png,1229268753\e470fa093a2ccd50f390c42149b2\image.png,Successfully,
9415629\1058778432-91a95620dcc1c01239a0e436-image.png,1058778432\91a95620dcc1c01239a0e436\image.png,Successfully,
9415629\1058784831-7490fd0b9be18f20252ae1e8-image.png,1058784831\7490fd0b9be18f20252ae1e8\image.png,Successfully,
9415629\1259259003-52454bb863ec1ecbb521720ce7d0-image.png,1259259003\52454bb863ec1ecbb521720ce7d0\image.png,Successfully,
9415629\1279087808-b182db8f754ccd9134a9393d0181-Screenshot+2024-12-06+at+10_50_00.png,1279087808\b182db8f754ccd9134a9393d0181\Screenshot+2024-12-06+at+10_50_00.png,Successfully,
9415629\1291344488-c9e8843e6b09105ef973cf65e23f-image+%28123%29.png,1291344488\c9e8843e6b09105ef973cf65e23f\image+%28123%29.png,Successfully,
9551989\1267821308-d9a76208932dd31bb7d7076510fe-Screenshot+2024-11-27+at+14_49_28.png,1267821308\d9a76208932dd31bb7d7076510fe\Screenshot+2024-11-27+at+14_49_28.png,Successfully,
9551989\1267892526-0f08c384af4cc8e755b4cb3ff4d2-Screenshot+2024-11-27+at+15_31_39.png,1267892526\0f08c384af4cc8e755b4cb3ff4d2\Screenshot+2024-11-27+at+15_31_39.png,Successfully,
9551989\1267898455-b4fb404c82e83f8d84dae49cbd0e-Screenshot+2024-11-27+at+15_36_04.png,1267898455\b4fb404c82e83f8d84dae49cbd0e\Screenshot+2024-11-27+at+15_36_04.png,Successfully,
9551989\1267908154-a09bc012bf1e0c40e9c289ef3128-Screenshot+2024-11-27+at+15_43_07.png,1267908154\a09bc012bf1e0c40e9c289ef3128\Screenshot+2024-11-27+at+15_43_07.png,Successfully,
